latitude,longitude,elevation,slope,aspect,B2,B3,B4,B5,NDVI,NDWI,NBR,label
27.54185342021908,88.50083315995737,1279.2388916015625,35.369041442871094,209.31906127929688,288.0,264.0,343.0,224.0,0.1301482766866684,-0.08716323226690292,0.20987653732299805,1
27.9498504546,88.4698661683,5144.01953125,48.83486557006836,333.548828125,133.0,122.0,173.0,153.0,0.1728813499212265,-0.13071896135807037,0.061349693685770035,0
27.1642942706,88.5581995723,867.5537719726562,48.8043098449707,244.65769958496094,141.0,100.0,241.0,138.0,0.4134897291660309,-0.26178011298179626,0.27176782488822937,0
27.092071990599997,88.7495886143,2505.814208984375,33.65017318725586,150.81884765625,339.0,325.0,405.0,301.0,0.10958904027938843,-0.08870967477560043,0.14730878174304962,0
27.11355301001602,88.25410827338118,408.5574951171875,36.39728546142578,128.0269775390625,165.0,127.0,301.0,177.0,0.4065420627593994,-0.29184550046920776,0.2594142258167267,1
27.0762386446,88.9998665923,1193.0499267578125,42.26741409301758,156.45477294921875,417.0,400.0,452.0,316.0,0.061032865196466446,-0.0402761809527874,0.1770833283662796,0
27.19963085291552,88.55574913799438,561.217529296875,27.8170108795166,223.31858825683594,462.0,441.0,519.0,334.0,0.08124999701976776,-0.05810397490859032,0.21688158810138702,1
27.13896909303213,88.47640291102189,522.4979858398438,35.482757568359375,132.32366943359375,183.0,150.0,280.0,200.0,0.302325576543808,-0.20950323343276978,0.1666666716337204,1
27.311529805007602,88.31481279975466,755.7437744140625,33.544105529785156,136.0462646484375,388.0,363.0,478.0,321.0,0.1367419809103012,-0.10392609983682632,0.19649562239646912,1
27.021516378599998,88.1673659263,1556.8507080078125,23.304080963134766,26.833709716796875,344.0,319.0,410.0,290.0,0.1248285323381424,-0.08753315359354019,0.17142857611179352,0
27.112905340599998,88.1131992163,1760.2176513671875,29.882373809814453,132.856201171875,256.0,222.0,378.0,246.0,0.25999999046325684,-0.19242902100086212,0.21153846383094788,0
27.896239300599998,88.34653273629999,4973.47900390625,10.743338584899902,193.93675231933594,173.0,162.0,243.0,201.0,0.20000000298023224,-0.16826923191547394,0.09459459781646729,0
27.39203733515344,88.63531153030621,1454.06298828125,29.210477828979492,170.38092041015625,424.0,402.0,472.0,315.0,0.08009153604507446,-0.0535714291036129,0.1994917392730713,1
27.133563898818654,88.36188763777798,855.5944213867188,46.16993713378906,280.1913757324219,296.0,270.0,353.0,256.0,0.13322632014751434,-0.08782742917537689,0.15927749872207642,1
27.304228243397706,88.3410113174557,1400.28662109375,54.70047378540039,199.16087341308594,293.0,271.0,352.0,247.0,0.13001605868339539,-0.09147287160158157,0.17529214918613434,1
27.197502131183974,88.72355062806143,1171.2469482421875,42.163028717041016,92.09765625,424.0,393.0,490.0,337.0,0.10985277593135834,-0.07221006602048874,0.1850060522556305,1
27.1522994032625,88.51244839467691,487.7608642578125,29.01006317138672,138.05853271484375,350.0,327.0,413.0,298.0,0.11621621251106262,-0.08256880939006805,0.16174402832984924,1
27.389054136430985,88.33714962840757,1471.5919189453125,33.0871467590332,245.77243041992188,343.0,323.0,404.0,291.0,0.1114167794585228,-0.08165997266769409,0.1625899225473404,1
27.336238852599998,88.7490330583,3161.17724609375,34.82728958129883,258.3968505859375,450.0,423.0,507.0,354.0,0.0903225839138031,-0.05956112965941429,0.17770035564899445,0
27.2537387866,88.7329219343,2125.303466796875,35.505828857421875,322.4281005859375,322.0,284.0,354.0,226.0,0.10971786826848984,-0.047337278723716736,0.22068965435028076,0
27.926239324599997,88.0779214103,5948.27783203125,23.418142318725586,91.46762084960938,0.0,0.0,0.0,0.0,,,,0
27.8601281606,88.76208862429999,5399.2509765625,10.543591499328613,267.64666748046875,260.0,253.0,301.0,185.0,0.08664260059595108,-0.0730837807059288,0.23868313431739807,0
27.127102075143394,88.44852671724968,479.7538146972656,42.80022048950195,179.984130859375,245.0,214.0,324.0,230.0,0.2044609636068344,-0.13884006440639496,0.1696750968694687,1
27.26651453864767,88.82119303539224,2611.162109375,41.0615348815918,119.46218872070312,523.0,498.0,584.0,336.0,0.07948244363069534,-0.055103883147239685,0.269565224647522,1
27.5901279446,88.5054217523,3552.110107421875,32.60262680053711,2.474609375,415.0,393.0,450.0,244.0,0.06761565804481506,-0.040462426841259,0.2968299686908722,0
27.391827618310607,88.33136712943744,1541.216552734375,33.90879821777344,248.484375,319.0,299.0,390.0,272.0,0.1320754736661911,-0.10014104098081589,0.17824773490428925,1
27.437072266599998,88.9673665663,3391.909423828125,23.475749969482422,112.39083862304688,243.0,234.0,339.0,273.0,0.18324607610702515,-0.1649484485387802,0.10784313827753067,0
27.741516954599998,88.0768102983,5223.18212890625,23.44804573059082,331.3115539550781,0.0,0.0,0.0,0.0,,,,0
27.164546001097396,88.14391130610525,1926.3209228515625,43.02326965332031,92.16012573242188,393.0,372.0,447.0,270.0,0.09157509356737137,-0.06428571790456772,0.24686191976070404,1
27.536794568599998,88.7668108503,4436.09716796875,28.942350387573242,250.52615356445312,310.0,312.0,401.0,300.0,0.12482468783855438,-0.12798874080181122,0.14407987892627716,0
27.295111039423887,88.76365378024272,2271.162109375,59.57905197143555,173.82666015625,471.0,442.0,528.0,336.0,0.08865979313850403,-0.057057056576013565,0.2222222238779068,1
27.7987392226,88.4398661443,4364.03662109375,41.52893829345703,245.57162475585938,205.0,196.0,299.0,205.0,0.20808081328868866,-0.1865079402923584,0.1865079402923584,0
27.2598499026,88.6662552143,1702.7437744140625,20.51432991027832,255.30807495117188,384.0,358.0,436.0,301.0,0.09823677688837051,-0.06341463327407837,0.18317502737045288,0
27.7115169306,88.8990331783,4179.37451171875,2.415224552154541,151.63851928710938,106.0,80.0,282.0,184.0,0.5580110549926758,-0.4536082446575165,0.21030043065547943,0
27.26802402848442,88.37367536205807,1362.681640625,20.984621047973633,186.3363494873047,433.0,410.0,474.0,305.0,0.07239819318056107,-0.04520396888256073,0.21694479882717133,1
27.2509610066,88.9845888023,2412.770751953125,45.00632858276367,73.77157592773438,419.0,401.0,493.0,357.0,0.10290827602148056,-0.08114035427570343,0.1599999964237213,0
27.1217942366,88.2465326563,325.25274658203125,4.740166664123535,329.51898193359375,155.0,124.0,207.0,129.0,0.25075528025627136,-0.14364640414714813,0.2321428507566452,0
27.128087409628325,88.31140448229654,441.00439453125,44.71757125854492,126.30560302734375,188.0,154.0,272.0,179.0,0.27699530124664307,-0.1826086938381195,0.20620842278003693,1
27.5573501406,88.9645887863,4264.7939453125,31.55058479309082,189.5762939453125,101.0,71.0,300.0,183.0,0.6172506809234619,-0.4962593615055084,0.24223601818084717,0
27.678183570599998,88.82264422829999,4555.99658203125,0.620384156703949,66.903564453125,167.0,146.0,179.0,133.0,0.10153846442699432,-0.034682080149650574,0.14743590354919434,0
27.146977343322515,88.3358648685288,1229.8585205078125,36.39703369140625,210.4890594482422,339.0,317.0,388.0,283.0,0.1007092222571373,-0.06740027666091919,0.15648286044597626,1
27.1448498106,88.0109769123,3336.261474609375,13.337204933166504,106.61196899414062,321.0,301.0,372.0,236.0,0.10549777001142502,-0.07359307259321213,0.22368420660495758,0
27.934572664599997,88.7587552883,5092.94189453125,3.349538803100586,281.1145935058594,101.0,86.0,145.0,113.0,0.2554112672805786,-0.17886178195476532,0.12403100728988647,0
27.5434612406,88.7509775043,3917.69287109375,31.3210506439209,292.1845703125,217.0,195.0,265.0,195.0,0.15217390656471252,-0.09958506375551224,0.15217390656471252,0
27.967906024599998,88.5129217583,4956.46484375,7.351059913635254,347.7186279296875,127.0,104.0,163.0,132.0,0.22097378969192505,-0.12413793057203293,0.10508474707603455,0
27.21472987642324,88.37133390376454,1534.0323486328125,64.07196807861328,160.6068115234375,330.0,307.0,391.0,287.0,0.12034384161233902,-0.08460471779108047,0.15339232981204987,1
27.4826278586,88.98958880629999,4040.906494140625,31.87462615966797,216.27366638183594,120.0,97.0,182.0,131.0,0.30465948581695557,-0.20529800653457642,0.16293929517269135,0
27.8584614926,88.2306993103,5426.65087890625,31.660158157348633,96.51800537109375,244.0,227.0,249.0,195.0,0.04621848836541176,-0.010141988284885883,0.12162162363529205,0
27.129572020599998,88.4470883723,634.6365966796875,23.520231246948242,152.3450927734375,258.0,225.0,332.0,239.0,0.19210053980350494,-0.12542372941970825,0.16287215054035187,0
27.265647934571575,88.15268122490052,1181.6268310546875,50.366790771484375,194.56112670898438,295.0,264.0,361.0,234.0,0.15520000457763672,-0.10060975700616837,0.21344538033008575,1
27.247064336815676,88.2256484319483,1601.35791015625,34.330078125,60.211212158203125,365.0,344.0,426.0,287.0,0.1064935028553009,-0.07711756974458694,0.1949509084224701,1
27.6048501786,88.2926438043,3566.598876953125,43.89960861206055,115.54595947265625,296.0,272.0,333.0,209.0,0.1008264496922493,-0.05882352963089943,0.2287822812795639,0
27.9298504386,88.4559772683,5157.11962890625,17.643152236938477,358.4812927246094,287.0,282.0,327.0,225.0,0.07389162480831146,-0.06514658033847809,0.18478260934352875,0
27.426590814655466,88.65629412447058,1936.1458740234375,51.53582000732422,169.97332763671875,409.0,386.0,443.0,301.0,0.0687575414776802,-0.039906103163957596,0.19086021184921265,1
27.387589663024606,88.3401663236942,1519.9869384765625,38.674888610839844,168.9267578125,288.0,263.0,361.0,264.0,0.15705128014087677,-0.11248073726892471,0.15520000457763672,1
27.1956831846,88.0956992023,2943.480224609375,26.708898544311523,321.72430419921875,405.0,378.0,451.0,265.0,0.08805789798498154,-0.053738318383693695,0.2597765326499939,0
27.271931878238014,88.17442095469099,1390.6622314453125,45.287696838378906,216.32679748535156,396.0,373.0,442.0,276.0,0.08466257899999619,-0.05489259958267212,0.2311977744102478,1
27.268304756055613,88.82969290353881,2530.134521484375,55.36124038696289,126.61734008789062,534.0,508.0,599.0,337.0,0.08220415562391281,-0.057369813323020935,0.279914528131485,1
27.3692211715001,88.2765166430579,1942.1239013671875,27.614896774291992,207.38851928710938,479.0,467.0,533.0,294.0,0.06599999964237213,-0.053359683603048325,0.2889963686466217,1
27.3795722206,88.2726437883,2629.81982421875,37.929683685302734,162.95208740234375,465.0,445.0,514.0,299.0,0.07194995135068893,-0.050051070749759674,0.26445263624191284,0
27.8506837086,88.93653320829999,4858.34716796875,6.2620978355407715,108.39569091796875,280.0,262.0,333.0,311.0,0.11932773143053055,-0.08646003156900406,0.034161489456892014,0
27.26033465060037,88.72241777527844,1364.511474609375,15.083771705627441,282.09637451171875,364.0,333.0,416.0,290.0,0.1108144223690033,-0.06666667014360428,0.17847025394439697,1
27.1115164506,88.0087546883,3372.799560546875,35.054176330566406,353.5319519042969,361.0,347.0,407.0,258.0,0.07957559823989868,-0.0598958320915699,0.22406014800071716,0
27.308470143070778,88.75176496433929,2810.529541015625,35.1851921081543,205.7257537841797,469.0,438.0,505.0,297.0,0.07104983925819397,-0.03696098551154137,0.25935161113739014,1
27.20601300521284,88.49108738487996,430.0465087890625,36.41542434692383,300.6875305175781,339.0,320.0,399.0,288.0,0.10987482964992523,-0.08130080997943878,0.16157205402851105,1
27.289748213736658,88.2630393626291,1428.346435546875,38.00010299682617,148.507568359375,316.0,294.0,375.0,260.0,0.12107623368501663,-0.08538350462913513,0.18110236525535583,1
27.608461292599998,88.8320886803,4172.4599609375,18.009132385253906,177.355712890625,185.0,170.0,248.0,220.0,0.1866028755903244,-0.14549653232097626,0.05982905998826027,0
27.5673501486,88.4493105963,2042.2840576171875,39.29035949707031,243.10272216796875,364.0,344.0,414.0,246.0,0.09234828501939774,-0.0642673522233963,0.2545454502105713,0
27.953461568599998,88.9031998483,5753.40234375,9.479145050048828,297.6376037597656,124.0,111.0,135.0,109.0,0.09756097197532654,-0.04247104376554489,0.10655737668275833,0
27.389931849081115,88.33116692858194,1400.77490234375,43.675689697265625,234.27542114257812,340.0,322.0,408.0,288.0,0.11780822277069092,-0.09090909361839294,0.17241379618644714,1
27.1412386966,88.1945881703,709.5630493164062,17.990034103393555,52.27288818359375,147.0,115.0,278.0,164.0,0.41475826501846313,-0.3082352876663208,0.2579185664653778,0
27.530683452599998,88.4565328243,1590.412841796875,38.64714813232422,12.13641357421875,478.0,460.0,543.0,302.0,0.08275174349546432,-0.0636630728840828,0.2852070927619934,0
27.29850388281441,88.71676889788976,2053.32421875,41.4541015625,132.0721435546875,494.0,472.0,542.0,359.0,0.06903353333473206,-0.04633204638957977,0.20310765504837036,1
27.129565714669063,88.29238784173242,451.67950439453125,46.36665725708008,193.00857543945312,143.0,106.0,235.0,131.0,0.37829911708831787,-0.24338623881340027,0.284153014421463,1
27.071516418599998,88.4159772363,400.04779052734375,27.605735778808594,159.25311279296875,169.0,139.0,274.0,191.0,0.32687652111053467,-0.2370203137397766,0.1784946173429489,0
27.5137389946,88.1673659263,4217.93310546875,53.05373001098633,259.7559509277344,451.0,434.0,496.0,265.0,0.06666667014360428,-0.04751848056912422,0.3035479485988617,0
27.140644149255692,88.17907275658067,701.4996337890625,21.493070602416992,179.766845703125,159.0,123.0,285.0,162.0,0.3970588147640228,-0.28378379344940186,0.2751677930355072,1
27.29695332920992,88.76398401361608,2473.47021484375,45.431880950927734,160.16534423828125,450.0,425.0,508.0,331.0,0.08896034210920334,-0.060542795807123184,0.21096543967723846,1
27.2701276886,88.5890329303,698.4846801757812,14.74243450164795,173.139404296875,290.0,259.0,330.0,256.0,0.12054329365491867,-0.06451612710952759,0.12627986073493958,0
27.48968249107212,88.50958980930241,840.6775512695312,30.305410385131836,190.64236450195312,307.0,286.0,365.0,251.0,0.12135176360607147,-0.0863095223903656,0.18506494164466858,1
27.902350416599997,88.3190327143,5353.44140625,39.609928131103516,223.19317626953125,144.0,127.0,160.0,126.0,0.11498257517814636,-0.05263157933950424,0.11888112127780914,0
27.31368243056741,88.65778250299746,2090.866455078125,32.34872055053711,347.0084228515625,427.0,403.0,483.0,318.0,0.09029345214366913,-0.0615384615957737,0.20599250495433807,1
27.133871065168613,88.31377503923136,562.2109375,20.21368408203125,186.4888458251953,201.0,174.0,259.0,183.0,0.19630484282970428,-0.12608695030212402,0.1719457060098648,1
27.1305323489331,88.26238296933633,435.88824462890625,43.16325759887695,133.2188720703125,152.0,116.0,264.0,156.0,0.38947367668151855,-0.26923078298568726,0.2571428716182709,1
27.28409755586068,88.5462415406262,1477.1326904296875,30.26366424560547,100.3651123046875,370.0,340.0,425.0,304.0,0.1111111119389534,-0.069182388484478,0.16598080098628998,1
27.12344029918411,88.37159950494072,625.4312133789062,38.519779205322266,185.4123077392578,252.0,233.0,337.0,249.0,0.1824561357498169,-0.14431239664554596,0.15017065405845642,1
27.33852155285947,88.67273586771086,1737.056640625,50.39316177368164,197.64462280273438,369.0,350.0,416.0,266.0,0.08616188168525696,-0.05987261235713959,0.21994134783744812,1
27.131706326347256,88.33162934722935,865.6994018554688,40.99110412597656,172.9854736328125,303.0,276.0,360.0,253.0,0.1320754736661911,-0.0859728530049324,0.17455138266086578,1
27.124201159032722,88.36227304283182,556.3300170898438,43.21714401245117,223.875732421875,223.0,194.0,296.0,208.0,0.20816326141357422,-0.14065510034561157,0.1746031790971756,1
27.25145395998019,88.64246110487804,1751.867919921875,46.48402786254883,165.1826171875,385.0,368.0,432.0,307.0,0.07999999821186066,-0.057527538388967514,0.16914749145507812,1
27.275719578495632,88.28580250677769,900.4425659179688,50.862388610839844,193.07579040527344,319.0,283.0,378.0,283.0,0.14372164011001587,-0.0846484899520874,0.14372164011001587,1
27.268861752150926,88.15255737684149,1316.388671875,32.435752868652344,90.3338623046875,382.0,366.0,430.0,273.0,0.08040200918912888,-0.05911330133676529,0.2233285903930664,1
27.15872090187693,88.45215126607101,1110.9853515625,36.49031448364258,205.6898651123047,414.0,386.0,460.0,328.0,0.08747044950723648,-0.05263157933950424,0.1675126850605011,1
27.7365169506,88.8323664583,4691.52294921875,34.24580001831055,174.49658203125,226.0,226.0,338.0,254.0,0.19858156144618988,-0.19858156144618988,0.14189189672470093,0
27.353403694809842,88.85608992425013,4112.5732421875,37.27391052246094,132.68951416015625,280.0,250.0,318.0,195.0,0.11971831321716309,-0.06354515254497528,0.23976607620716095,1
27.260224268912445,88.5503781643649,638.9522094726562,27.590112686157227,131.51873779296875,346.0,318.0,399.0,286.0,0.11297070980072021,-0.07114093750715256,0.164963498711586,1
27.283743180944885,88.74337881112166,1691.74755859375,35.46064758300781,199.52003479003906,457.0,426.0,509.0,316.0,0.0887700542807579,-0.05383022874593735,0.23393939435482025,1
27.456964984028588,88.08839523123221,3971.474609375,33.52865219116211,247.17062377929688,170.0,145.0,245.0,167.0,0.25641027092933655,-0.1807228922843933,0.1893203854560852,1
27.5134612166,88.8645887063,3887.130615234375,43.63291549682617,194.55938720703125,96.0,66.0,228.0,145.0,0.5510203838348389,-0.40740740299224854,0.222520112991333,0
27.30365256283849,88.37576523311043,1610.843017578125,33.164268493652344,65.46405029296875,429.0,406.0,471.0,309.0,0.0741163045167923,-0.046666666865348816,0.20769231021404266,1
27.145127588599998,88.7943108723,1623.2705078125,22.46133041381836,130.4483642578125,500.0,484.0,562.0,355.0,0.07456979155540466,-0.05838041380047798,0.2257360965013504,0
27.292286320828033,88.28560601877433,678.4219970703125,67.9449691772461,142.12969970703125,248.0,218.0,306.0,229.0,0.1679389327764511,-0.10469313710927963,0.1439252346754074,1
27.6567946646,88.9356998743,4209.33349609375,28.38216209411621,99.67523193359375,86.0,56.0,254.0,145.0,0.6387096643447876,-0.4941176474094391,0.2731829583644867,0
27.13317350776113,88.31982083340831,598.5186767578125,38.54204177856445,89.91986083984375,212.0,179.0,288.0,195.0,0.2334047108888626,-0.15199999511241913,0.19254659116268158,1
27.4479056086,88.2795882383,3258.800048828125,39.61786651611328,291.0346984863281,459.0,440.0,507.0,273.0,0.07074973732233047,-0.04968944191932678,0.30000001192092896,0
27.25835801729972,88.8359612851337,2146.606201171875,39.60965347290039,91.774658203125,486.0,459.0,535.0,295.0,0.07645875215530396,-0.04799216613173485,0.28915661573410034,1
27.1620720466,88.8429220223,1077.2138671875,22.79654312133789,91.88092041015625,475.0,457.0,513.0,333.0,0.05773195996880531,-0.03846153989434242,0.21276596188545227,0
27.303233385582942,88.53569578608035,1848.81103515625,24.05234718322754,55.316070556640625,474.0,456.0,518.0,313.0,0.06365503370761871,-0.04435483738780022,0.24669073522090912,1
27.2104054186,88.1412547943,2840.62451171875,14.406855583190918,169.34210205078125,402.0,380.0,448.0,271.0,0.08212560415267944,-0.05411764606833458,0.24617524445056915,0
27.442334998616495,88.49491003656807,1145.1881103515625,58.13399124145508,136.98046875,335.0,318.0,379.0,270.0,0.08751793205738068,-0.06162464991211891,0.16795068979263306,1
27.340391990174105,88.66924512292434,1630.3748779296875,50.333106994628906,217.6041259765625,378.0,354.0,435.0,285.0,0.10266159474849701,-0.07011070102453232,0.2083333283662796,1
27.11342495902288,88.25770918094433,417.70074462890625,39.288963317871094,135.38497924804688,164.0,132.0,311.0,182.0,0.4040631949901581,-0.3094736933708191,0.2616632878780365,1
27.0987386626,88.0245880343,2946.56005859375,20.434131622314453,39.280975341796875,378.0,362.0,436.0,251.0,0.09273182600736618,-0.07125306874513626,0.26928675174713135,0
27.9112393126,88.3326438363,5117.126953125,31.409770965576172,323.5764465332031,164.0,149.0,190.0,159.0,0.12094395607709885,-0.07344632595777512,0.08882521837949753,0
27.276797256144015,88.57067289691344,1001.0558471679688,43.10396957397461,154.78125,246.0,203.0,288.0,214.0,0.17311608791351318,-0.07865168899297714,0.14741036295890808,1
27.282457526125192,88.73858761987887,1677.0855712890625,48.60540771484375,185.31411743164062,437.0,409.0,492.0,312.0,0.09211986511945724,-0.05920344591140747,0.2238806039094925,1
27.8448503706,88.7120885843,4583.72412109375,37.72694778442383,230.70321655273438,194.0,187.0,234.0,166.0,0.11163895577192307,-0.09345794469118118,0.17000000178813934,0
27.2373498846,88.7715330763,2078.6611328125,24.483346939086914,184.81692504882812,402.0,369.0,451.0,279.0,0.10000000149011612,-0.057444315403699875,0.23561644554138184,0
27.830683692599997,88.6637552123,5431.10302734375,40.2015495300293,118.5804443359375,205.0,197.0,263.0,233.0,0.14347825944423676,-0.12393162399530411,0.060483869165182114,0
27.5423501286,88.0523658343,5042.39599609375,24.846630096435547,4.77001953125,0.0,0.0,0.0,0.0,,,,0
27.31832552884903,88.18717590939677,1366.1409912109375,34.67715072631836,163.6209716796875,268.0,239.0,318.0,193.0,0.14183123409748077,-0.0853242352604866,0.24461840093135834,1
27.0054052546,88.3079215943,1692.3536376953125,22.568693161010742,332.6580810546875,392.0,374.0,442.0,316.0,0.0833333358168602,-0.059952039271593094,0.16622690856456757,0
27.271494835743404,88.26119103524947,590.8717651367188,54.38595199584961,153.29974365234375,366.0,346.0,429.0,290.0,0.10709677636623383,-0.07924528419971466,0.19332405924797058,1
27.331028725995665,88.27160394669639,942.6658935546875,36.7383918762207,228.3129425048828,399.0,389.0,464.0,298.0,0.08792497217655182,-0.07531865686178207,0.2178477644920349,1
27.33262570599069,88.27163165868598,1078.773681640625,52.00067138671875,164.8662109375,225.0,189.0,296.0,209.0,0.22061856091022491,-0.13627639412879944,0.17227722704410553,1
27.997072714599998,88.0448658283,6534.279296875,41.320350646972656,293.8319396972656,0.0,0.0,0.0,0.0,,,,0
27.391651476001798,88.33284028494073,1508.2093505859375,46.67585372924805,132.744384765625,337.0,315.0,396.0,281.0,0.1139240488409996,-0.08049113303422928,0.16986705362796783,1
27.6934613606,88.2759771243,5006.78564453125,58.46847915649414,28.595458984375,375.0,362.0,421.0,246.0,0.07535121589899063,-0.057788945734500885,0.2623688280582428,0
27.7181836026,88.5595884623,2571.935546875,12.650334358215332,28.93896484375,442.0,424.0,493.0,320.0,0.07524536550045013,-0.05454545468091965,0.21279212832450867,0
27.3437388586,88.4793106203,462.9024658203125,8.539701461791992,80.87820434570312,282.0,265.0,323.0,221.0,0.09863945841789246,-0.06776859611272812,0.1875,0
27.1120218544567,88.39927203224136,874.8922119140625,39.73636245727539,229.6770477294922,332.0,312.0,385.0,291.0,0.10473457723855972,-0.07391911000013351,0.13905325531959534,1
27.022627490599998,88.0437547163,2355.97998046875,24.307058334350586,153.55419921875,354.0,329.0,385.0,267.0,0.0784313753247261,-0.041948579251766205,0.1809815913438797,0
27.6609613346,88.8001442103,4285.01123046875,35.651771545410156,332.57806396484375,328.0,312.0,382.0,270.0,0.10086455196142197,-0.0760563388466835,0.17177914083003998,0
27.8726281706,88.66042187629999,4840.85009765625,28.261066436767578,80.22396850585938,204.0,189.0,229.0,205.0,0.09569378197193146,-0.05773672088980675,0.0552995391190052,0
27.830683692599997,88.9370887643,4807.62744140625,3.4277288913726807,245.35061645507812,101.0,85.0,213.0,189.0,0.42953020334243774,-0.35668790340423584,0.05970149114727974,0
27.389663892055978,88.33264160248103,1376.24560546875,45.21410369873047,174.9266357421875,262.0,230.0,338.0,236.0,0.19014084339141846,-0.12666666507720947,0.17770035564899445,1
27.430961150599998,88.0515325003,4012.60693359375,32.95951461791992,140.94927978515625,180.0,160.0,254.0,164.0,0.22705313563346863,-0.17050690948963165,0.21531100571155548,0
27.7956836646,88.1534770263,5892.8828125,44.28573226928711,163.80316162109375,262.0,242.0,274.0,170.0,0.06201550364494324,-0.02238805964589119,0.23423422873020172,0
27.35544505076198,88.66641809455143,1692.236572265625,31.225177764892578,147.22390747070312,188.0,166.0,252.0,159.0,0.20574162900447845,-0.145454540848732,0.22627736628055573,1
27.9484615646,88.2095881823,5636.83203125,56.24266815185547,87.82562255859375,451.0,445.0,518.0,314.0,0.07580477744340897,-0.06914344429969788,0.24519230425357819,0
27.3651277646,88.7445886103,3863.76806640625,8.435541152954102,327.8033142089844,429.0,408.0,489.0,273.0,0.09030100703239441,-0.06535948067903519,0.28346458077430725,0
27.7542947426,88.9881999163,4304.9345703125,27.247177124023438,241.80612182617188,80.0,60.0,170.0,106.0,0.47826087474823,-0.36000001430511475,0.23188406229019165,0
27.9259615466,88.4095883423,5070.9501953125,8.149033546447754,73.75381469726562,118.0,107.0,197.0,179.0,0.29605263471603394,-0.2507936656475067,0.04787234216928482,0
27.8284614686,88.2923660263,5554.12451171875,8.692536354064941,13.631195068359375,218.0,210.0,242.0,179.0,0.07079645991325378,-0.052173912525177,0.1496437042951584,0
27.641794652599998,88.4231994643,3676.041015625,37.50688934326172,140.43692016601562,327.0,311.0,383.0,242.0,0.10374639928340912,-0.07887323945760727,0.225600004196167,0
27.727905832599998,88.0276435923,5424.2353515625,16.8898868560791,124.08102416992188,0.0,0.0,0.0,0.0,,,,0
27.398618090916997,88.65407358351382,2244.76025390625,46.196434020996094,136.31625366210938,372.0,353.0,415.0,269.0,0.0807291641831398,-0.05463786423206329,0.21345029771327972,1
27.195300183264408,88.64169469727358,765.6725463867188,50.748043060302734,358.9524841308594,405.0,378.0,472.0,311.0,0.11058823764324188,-0.07639680802822113,0.20561940968036652,1
27.8937392986,88.07042140429999,6548.4560546875,59.18088150024414,332.6017150878906,0.0,0.0,0.0,0.0,,,,0
27.54035670341515,88.49824196198547,1127.1256103515625,40.64616394042969,170.87689208984375,246.0,224.0,302.0,203.0,0.14828898012638092,-0.10218977928161621,0.1960396021604538,1
27.30525174795638,88.14374945072697,1907.7352294921875,31.424407958984375,78.96734619140625,272.0,246.0,295.0,197.0,0.0905730128288269,-0.04056437313556671,0.1991869956254959,1
27.25112078556624,88.79699775162644,2784.634033203125,42.41048812866211,198.68016052246094,459.0,436.0,515.0,304.0,0.08307044953107834,-0.05749486759305,0.2576312720775604,1
27.22948864205745,88.43336857037528,1037.3284912109375,37.66879653930664,98.68157958984375,372.0,350.0,411.0,284.0,0.08015768975019455,-0.049808427691459656,0.18273381888866425,1
27.4617945086,88.7709775203,4538.53466796875,12.89420223236084,1.501678466796875,426.0,418.0,492.0,390.0,0.0813186839222908,-0.07189542800188065,0.11564625799655914,0
27.0137385946,88.7715330763,652.2503051757812,33.556434631347656,126.60604858398438,440.0,414.0,472.0,291.0,0.06546275317668915,-0.035087719559669495,0.23722149431705475,0
27.113274089208986,88.22282129334423,536.3851318359375,34.71884536743164,121.88388061523438,145.0,116.0,222.0,127.0,0.3136094808578491,-0.20980925858020782,0.27220630645751953,1
27.117285964421736,88.2146665748352,545.4522705078125,24.309621810913086,49.72113037109375,164.0,139.0,271.0,170.0,0.3219512104988098,-0.2459770143032074,0.2290249466896057,1
27.407905576599997,88.2634771143,2366.71142578125,11.607035636901855,96.16204833984375,325.0,305.0,373.0,236.0,0.10029498487710953,-0.06876790523529053,0.22495895624160767,0
27.185486595263086,88.31963261901127,356.4658508300781,28.24701499938965,163.1153564453125,150.0,118.0,153.0,99.0,0.12915128469467163,-0.009900989942252636,0.2142857164144516,1
27.13281250247793,88.33268493832327,941.6798095703125,40.65752410888672,161.200927734375,312.0,288.0,371.0,268.0,0.12594839930534363,-0.08638360351324081,0.16118936240673065,1
27.30839868655257,88.72474499337301,1703.5545654296875,40.094722747802734,111.16424560546875,407.0,380.0,468.0,344.0,0.1037735864520073,-0.06971428543329239,0.15270936489105225,1
27.6765169026,88.1823659383,6490.36572265625,62.17298889160156,192.3794708251953,575.0,550.0,589.0,201.0,0.034240562468767166,-0.012027491815388203,0.4911392331123352,0
27.9051281966,88.4195883503,4504.640625,1.6150504350662231,351.0829772949219,108.0,92.0,195.0,152.0,0.3588850200176239,-0.2871287167072296,0.12391930818557739,0
27.4190166966,88.7840330863,4130.58056640625,28.962438583374023,234.71722412109375,271.0,244.0,320.0,253.0,0.13475176692008972,-0.08291032165288925,0.11692844331264496,0
27.7231836066,88.1345881223,6457.37353515625,32.34086990356445,346.0564880371094,469.0,461.0,495.0,99.0,0.0355648547410965,-0.02697095461189747,0.6666666865348816,0
27.278631308893708,88.61502286413273,1299.8238525390625,54.040767669677734,183.8597412109375,330.0,309.0,385.0,276.0,0.10951008647680283,-0.07692307978868484,0.16490165889263153,1
27.3514625281167,88.27223300093942,1508.076171875,36.04238510131836,175.780517578125,386.0,370.0,438.0,269.0,0.08415841311216354,-0.06310679763555527,0.23903818428516388,1
27.12734372079034,88.33319815357619,727.0634155273438,30.56302261352539,188.1167755126953,156.0,125.0,216.0,137.0,0.2668621838092804,-0.16129031777381897,0.2237960398197174,1
27.282409114965375,88.52398742786983,1461.6566162109375,45.82692337036133,198.88250732421875,343.0,321.0,392.0,269.0,0.09957924485206604,-0.06666667014360428,0.1860816925764084,1
27.9459615626,88.93653320829999,5193.78369140625,11.991011619567871,29.511016845703125,223.0,204.0,321.0,286.0,0.22285714745521545,-0.18014705181121826,0.057660624384880066,0
27.0642941906,88.3868105463,1309.1904296875,35.96763610839844,96.07553100585938,416.0,395.0,475.0,330.0,0.09195402264595032,-0.06621773540973663,0.1801242232322693,0
27.4490167206,88.9254220883,2886.230712890625,30.536142349243164,256.28839111328125,93.0,64.0,172.0,98.0,0.4576271176338196,-0.2981131970882416,0.27407407760620117,0
27.130490675889227,88.31249898942562,511.05828857421875,44.480655670166016,122.1993408203125,161.0,128.0,247.0,151.0,0.3173333406448364,-0.21078431606292725,0.24120603501796722,1
27.26736347503984,88.15764280232793,1166.8499755859375,40.95826721191406,221.80882263183594,293.0,270.0,330.0,215.0,0.10000000149011612,-0.059390049427747726,0.2110091745853424,1
27.2287387666,88.9109776323,2152.2548828125,14.411640167236328,173.0587158203125,386.0,359.0,416.0,259.0,0.07354838401079178,-0.03740648552775383,0.2325925976037979,0
27.101516442599998,88.4993106363,1167.3939208984375,30.041841506958008,52.39959716796875,261.0,229.0,350.0,250.0,0.2089810073375702,-0.1456628441810608,0.1666666716337204,0
27.127475038347207,88.33213796547203,696.7881469726562,35.580169677734375,252.23190307617188,183.0,148.0,250.0,173.0,0.25628140568733215,-0.15473441779613495,0.18203309178352356,1
27.4023500166,88.3262549423,1745.81494140625,15.207722663879395,279.2969055175781,382.0,361.0,432.0,283.0,0.08953341841697693,-0.06142506003379822,0.20839160680770874,0
27.408831413205533,88.71435803026725,3492.82421875,34.57394027709961,236.4403076171875,281.0,255.0,318.0,223.0,0.10994764417409897,-0.06176961585879326,0.17560073733329773,1
27.6159612986,88.7587552883,4161.51708984375,30.21759796142578,71.45831298828125,448.0,437.0,528.0,335.0,0.0943005159497261,-0.08196721225976944,0.22363847494125366,0
27.29410493176763,88.71977029425537,1580.449462890625,26.870784759521484,126.46112060546875,502.0,479.0,563.0,390.0,0.08061420172452927,-0.05727699398994446,0.18153201043605804,1
27.302296261954602,88.72413193731936,1588.89306640625,42.54226303100586,91.9630126953125,446.0,419.0,497.0,343.0,0.08515284210443497,-0.0540827140212059,0.18333333730697632,1
27.3337388506,88.6723663303,1998.7376708984375,23.56011962890625,82.03439331054688,468.0,446.0,512.0,316.0,0.06889352947473526,-0.044897958636283875,0.23671497404575348,0
27.2398498866,88.0465324963,2876.87158203125,20.91356658935547,14.915069580078125,464.0,439.0,500.0,237.0,0.0649627298116684,-0.037344399839639664,0.35685211420059204,0
27.7706836446,88.1237547803,5098.1953125,3.0096535682678223,326.78094482421875,210.0,205.0,206.0,127.0,0.002433090005069971,0.009615384973585606,0.23723722994327545,0
27.942906004599998,88.4593106043,4877.50927734375,15.743598937988281,55.52142333984375,368.0,361.0,448.0,291.0,0.10754017531871796,-0.09803921729326248,0.21244925260543823,0
27.0117941486,88.9734776823,958.4561157226562,28.796964645385742,141.48068237304688,482.0,463.0,522.0,296.0,0.05989847704768181,-0.039840638637542725,0.2762836217880249,0
27.29321385374503,88.89397226530001,3453.518798828125,31.7600154876709,239.11627197265625,416.0,396.0,461.0,315.0,0.07584597170352936,-0.05131128802895546,0.18814432621002197,1
27.8184614606,88.2968104743,5685.9384765625,17.763662338256836,317.3158264160156,245.0,230.0,276.0,197.0,0.09090909361839294,-0.059500958770513535,0.16701902449131012,0
27.6567946646,88.9234776423,4157.54345703125,27.366865158081055,280.5849914550781,86.0,58.0,227.0,126.0,0.5929824709892273,-0.4504792392253876,0.2861189842224121,0
27.34253667359139,88.27196401118712,1217.7398681640625,24.689624786376953,299.4870910644531,265.0,250.0,329.0,226.0,0.1364421397447586,-0.10774410516023636,0.18558558821678162,1
27.25545027017543,88.26158796377987,839.767822265625,31.350696563720703,284.664794921875,256.0,231.0,310.0,217.0,0.1460258811712265,-0.09540636092424393,0.1764705926179886,1
27.189984825637396,88.63911737556244,840.9163208007812,40.75759506225586,291.0776062011719,391.0,363.0,461.0,308.0,0.11893203854560852,-0.082159623503685,0.19895969331264496,1
27.8667948326,88.0529213903,5817.3134765625,37.07503890991211,211.34815979003906,0.0,0.0,0.0,0.0,,,,0
27.230060550789894,88.42922603048365,1250.45263671875,32.79139709472656,97.68792724609375,376.0,356.0,419.0,276.0,0.08129031956195831,-0.0540880486369133,0.20575539767742157,1
27.314801860875544,88.32681522877789,1130.9564208984375,63.28624725341797,170.248291015625,346.0,323.0,398.0,281.0,0.10402218997478485,-0.06989247351884842,0.17231222987174988,1
27.33812085789905,88.67265073848145,1704.8995361328125,28.895246505737305,212.77891540527344,386.0,364.0,430.0,275.0,0.08312342315912247,-0.053921569138765335,0.21985815465450287,1
27.312308171926524,88.32152636218763,864.5718383789062,32.62400436401367,179.88494873046875,333.0,314.0,391.0,269.0,0.10921985656023026,-0.08011049777269363,0.18484848737716675,1
27.924294878599998,88.5518106783,4892.23291015625,22.426279067993164,167.518310546875,104.0,88.0,143.0,118.0,0.2380952388048172,-0.15789473056793213,0.09578543901443481,0
27.9059615306,88.0754214083,6243.4111328125,46.57326889038086,295.03961181640625,0.0,0.0,0.0,0.0,,,,0
27.9342948866,88.7401441623,4817.6748046875,14.130775451660156,295.69427490234375,96.0,80.0,193.0,154.0,0.4139194190502167,-0.3356401324272156,0.11239193379878998,0
27.394989609068034,88.65854968076107,1886.2401123046875,63.37540817260742,189.41384887695312,225.0,200.0,270.0,186.0,0.1489361673593521,-0.09090909361839294,0.18421052396297455,1
27.28769507398964,88.75195432597047,1831.3704833984375,43.060184478759766,150.3653564453125,471.0,441.0,515.0,328.0,0.07740585505962372,-0.04462474584579468,0.22182680666446686,1
27.0965164386,88.33431050429999,321.0164794921875,5.994724273681641,168.718017578125,151.0,118.0,256.0,156.0,0.3689839541912079,-0.25798526406288147,0.24271844327449799,0
27.1831831746,88.74236638629999,1536.6744384765625,31.625368118286133,216.27200317382812,402.0,371.0,451.0,317.0,0.09732360392808914,-0.057444315403699875,0.1744791716337204,0
27.7120724866,88.6162551743,3131.6845703125,5.232813835144043,250.83563232421875,180.0,157.0,213.0,164.0,0.15135134756565094,-0.08396946638822556,0.12997347116470337,0
27.31258225848757,88.323265926344,893.3718872070312,44.87929153442383,175.9442138671875,354.0,330.0,419.0,295.0,0.11882510036230087,-0.08408796787261963,0.1736694723367691,1
27.799572556599998,88.4054216723,4536.28515625,34.20124053955078,352.1806640625,175.0,169.0,252.0,202.0,0.19714964926242828,-0.1803278625011444,0.11013215780258179,0
27.762350304599998,88.1162547743,5526.88232421875,41.377716064453125,147.641357421875,0.0,0.0,0.0,0.0,,,,0
27.3751277726,88.7479219463,3679.787109375,28.98985481262207,215.87451171875,431.0,406.0,487.0,314.0,0.09070548415184021,-0.061002179980278015,0.21598002314567566,0
27.17432833649735,88.27959069193193,523.9263305664062,38.730224609375,171.05908203125,165.0,124.0,251.0,165.0,0.3386666774749756,-0.20673076808452606,0.20673076808452606,1
27.7679058646,88.8812553863,4911.4775390625,41.71620178222656,287.94305419921875,95.0,77.0,104.0,72.0,0.14917127788066864,-0.04522613063454628,0.1818181872367859,0
27.3080763264873,88.28034512462816,687.7227172851562,24.10289192199707,75.82025146484375,422.0,402.0,489.0,309.0,0.09764309972524643,-0.07354555279016495,0.2255639135837555,1
27.249716674049154,88.64638787952376,1544.4158935546875,35.43199157714844,200.92581176757812,364.0,345.0,415.0,291.0,0.09210526198148727,-0.06546854972839355,0.1756373941898346,1
27.2642943506,88.8440331343,2683.211181640625,47.703773498535156,133.25534057617188,531.0,511.0,588.0,342.0,0.07006369531154633,-0.05093833804130554,0.26451611518859863,0
27.182250897780193,88.3037716536553,596.505859375,48.11205291748047,117.7625732421875,157.0,116.0,345.0,191.0,0.4967462122440338,-0.3745020031929016,0.28731343150138855,1
27.2498498946,88.2401437623,1389.0399169921875,34.13840103149414,126.360595703125,286.0,267.0,368.0,246.0,0.15905511379241943,-0.12538225948810577,0.1986970752477646,0
27.1296738252465,88.24418053200506,732.3955688476562,50.62747573852539,109.91546630859375,196.0,175.0,306.0,190.0,0.2723492681980133,-0.21912351250648499,0.2338709682226181,1
27.004016364599998,88.9906999183,1183.9451904296875,19.12679672241211,316.09759521484375,510.0,497.0,550.0,324.0,0.05062082037329674,-0.03773584961891174,0.2585812211036682,0
27.286732406414643,88.21498592213524,1282.9312744140625,38.42164611816406,150.18798828125,353.0,327.0,402.0,260.0,0.10288065671920776,-0.06490065902471542,0.2145015150308609,1
27.12902225712419,88.17076636435641,723.77099609375,40.38728332519531,125.6641845703125,240.0,214.0,328.0,222.0,0.21033211052417755,-0.15492957830429077,0.19272726774215698,1
27.7845725446,88.06597695629999,4793.0126953125,15.911158561706543,217.89918518066406,0.0,0.0,0.0,0.0,,,,0
27.123083105267277,88.37377356721306,693.02099609375,49.878387451171875,213.056884765625,313.0,294.0,359.0,267.0,0.0995405837893486,-0.0684523805975914,0.14696486294269562,1
27.052627514599997,88.8718109343,542.9676513671875,4.808687210083008,125.9525146484375,547.0,518.0,585.0,327.0,0.06074342876672745,-0.03356890380382538,0.28289473056793213,0
27.298795798332343,88.71952870419128,1760.4013671875,50.945091247558594,120.890869140625,497.0,477.0,556.0,365.0,0.07647628337144852,-0.05603038892149925,0.20738327503204346,1
27.292202490491924,88.33575562725113,1353.1851806640625,27.713485717773438,250.7925262451172,413.0,390.0,467.0,337.0,0.08984830975532532,-0.06136363744735718,0.1616915464401245,1
27.4940167566,88.05986584029999,4688.97509765625,9.925402641296387,248.04312133789062,409.0,405.0,479.0,316.0,0.08371040970087051,-0.078828826546669,0.20503143966197968,0
27.9873504846,88.0640325103,6014.4794921875,18.651763916015625,88.451904296875,0.0,0.0,0.0,0.0,,,,0
27.4004055706,88.2851437983,1618.36376953125,24.86151695251465,308.5042724609375,375.0,354.0,427.0,252.0,0.09346991032361984,-0.06483790278434753,0.25773194432258606,0
27.38169234502997,88.67316075269741,2910.502197265625,40.67945098876953,266.900634765625,574.0,549.0,632.0,312.0,0.07027942687273026,-0.04809286817908287,0.33898305892944336,1
27.12733380663444,88.4888945002674,304.1171569824219,47.089359283447266,187.82766723632812,128.0,97.0,132.0,87.0,0.15283842384815216,-0.015384615398943424,0.2054794579744339,1
27.295622397050575,88.76160871008922,2326.256103515625,63.6314811706543,184.05421447753906,480.0,454.0,540.0,359.0,0.08651911467313766,-0.05882352963089943,0.20133481919765472,1
27.6581835546,88.25403266229999,5077.56640625,4.681643962860107,93.90289306640625,226.0,205.0,241.0,167.0,0.08071748912334442,-0.03211991488933563,0.18137255311012268,0
27.2481832266,88.6651441023,1421.2105712890625,16.167543411254883,261.9655456542969,317.0,292.0,367.0,263.0,0.11380880326032639,-0.07309941202402115,0.16507937014102936,0
27.11632559220058,88.27138649772242,343.0954895019531,43.848548889160156,165.6767578125,184.0,155.0,276.0,185.0,0.28074246644973755,-0.20000000298023224,0.19739696383476257,1
27.310141304262757,88.72375006481221,1876.52783203125,60.93281936645508,110.96194458007812,422.0,395.0,476.0,351.0,0.09299655258655548,-0.06013362854719162,0.1511487364768982,1
27.278807464088334,88.6219108523232,1309.9307861328125,40.52436828613281,170.69891357421875,405.0,388.0,471.0,334.0,0.0966239795088768,-0.07534246891736984,0.1701863408088684,1
27.5937390586,88.6795885583,2342.60595703125,35.19839096069336,196.29811096191406,342.0,323.0,385.0,256.0,0.08757062256336212,-0.0591471791267395,0.20124804973602295,0
27.297416142701305,88.76583343778812,2438.4873046875,61.53881072998047,166.08636474609375,474.0,448.0,523.0,341.0,0.07723996043205261,-0.04914744198322296,0.21064814925193787,1
27.412659535412516,88.19417733741747,1985.0494384765625,37.560890197753906,213.6140899658203,270.0,253.0,313.0,193.0,0.10600706934928894,-0.07375643402338028,0.23715415596961975,1
27.401901429778448,88.67286650633298,2252.066650390625,37.81324005126953,163.33087158203125,322.0,292.0,368.0,246.0,0.11515151709318161,-0.06666667014360428,0.1986970752477646,1
27.6473502126,88.2345882023,5344.12451171875,48.5670051574707,174.45233154296875,247.0,225.0,274.0,206.0,0.09819639474153519,-0.051823414862155914,0.14166666567325592,0
27.3829055566,88.4412550343,1293.784423828125,40.34949493408203,132.14163208007812,439.0,419.0,485.0,313.0,0.07300885021686554,-0.04978355020284653,0.2155388444662094,0
27.215474724027715,88.60727587536988,820.8812255859375,16.023752212524414,132.04647827148438,248.0,206.0,301.0,221.0,0.1873767226934433,-0.09653916209936142,0.15325669944286346,1
27.230227681061002,88.43129299324025,1151.018798828125,41.131290435791016,124.70751953125,378.0,355.0,420.0,283.0,0.08387096971273422,-0.05263157933950424,0.19487908482551575,1
27.1304053546,88.2829215743,289.5022277832031,4.4184794425964355,138.5819091796875,154.0,125.0,188.0,150.0,0.201277956366539,-0.09941520541906357,0.1124260351061821,0
27.2098498626,88.4959773003,636.5009155273438,30.646900177001953,241.42202758789062,384.0,362.0,436.0,293.0,0.09273182600736618,-0.06341463327407837,0.19615912437438965,0
27.9240171006,88.2606993343,5222.6044921875,10.887567520141602,127.14044189453125,167.0,156.0,237.0,224.0,0.20610687136650085,-0.17326731979846954,0.028199566528201103,0
27.281238808599998,88.07347696229999,2631.8349609375,11.000181198120117,109.24868774414062,436.0,413.0,480.0,261.0,0.07502799481153488,-0.04803493618965149,0.2955465614795685,0
27.9215170986,88.47542172829999,4955.1484375,24.329299926757812,94.15679931640625,168.0,157.0,199.0,175.0,0.11797752976417542,-0.08446866273880005,0.06417112052440643,0
27.291860627299556,88.70428722844889,2210.528076171875,48.265403747558594,159.61663818359375,412.0,384.0,454.0,286.0,0.08353222161531448,-0.04849884659051895,0.227027028799057,1
27.9109615346,88.59069959829999,4655.44091796875,26.22730255126953,214.03854370117188,105.0,84.0,215.0,168.0,0.4381271004676819,-0.34375,0.12271540611982346,0
27.44389873402408,88.47342053105311,2202.5830078125,43.05149459838867,160.3695068359375,491.0,473.0,546.0,318.0,0.07163885980844498,-0.0530376099050045,0.2638888955116272,1
27.677072458599998,88.8929220623,4024.967041015625,9.059874534606934,168.8931884765625,200.0,168.0,271.0,187.0,0.23462414741516113,-0.15074309706687927,0.18340611457824707,0
27.159275410538633,88.45637061033881,1223.2646484375,34.68765640258789,139.41796875,396.0,364.0,452.0,324.0,0.10784313827753067,-0.06603773683309555,0.1649484485387802,1
27.2892943706,88.3751438703,1574.0294189453125,29.113239288330078,99.08914184570312,431.0,408.0,480.0,313.0,0.0810810774564743,-0.053787048906087875,0.21059268712997437,0
27.40150776125415,88.65831337602745,2409.81787109375,37.248863220214844,178.7574462890625,422.0,396.0,474.0,312.0,0.08965517580509186,-0.0580357126891613,0.20610687136650085,1
27.316623898124476,88.72761438160796,1885.29541015625,43.706329345703125,241.73785400390625,362.0,338.0,416.0,297.0,0.1034482792019844,-0.06940873712301254,0.1669004261493683,1
27.31070617281118,88.72490511455126,1767.3656005859375,55.64846420288086,115.19427490234375,395.0,367.0,449.0,331.0,0.10049019753932953,-0.06398104131221771,0.15128205716609955,1
27.133214651926004,88.25205241158653,838.260009765625,39.31779098510742,120.21676635742188,204.0,181.0,293.0,199.0,0.236286923289299,-0.1790744513273239,0.19105690717697144,1
27.3218941468563,88.50149474114163,1052.292236328125,38.27611541748047,338.7783508300781,456.0,438.0,507.0,295.0,0.07301587611436844,-0.05295950174331665,0.2643391489982605,1
27.0554052946,88.9320887603,1301.109375,8.968851089477539,243.64962768554688,573.0,556.0,620.0,327.0,0.054421767592430115,-0.03939647972583771,0.3093980848789215,0
27.381767170656452,88.47050657055323,732.426513671875,41.075294494628906,200.77206420898438,392.0,366.0,439.0,326.0,0.0906832292675972,-0.056558363139629364,0.14771242439746857,1
27.416753759024434,88.19091460620966,2076.153076171875,39.824466705322266,246.00001525878906,296.0,274.0,332.0,195.0,0.09570956975221634,-0.0573248416185379,0.2599620521068573,1
27.4301278166,88.1534770263,3337.71533203125,34.48997497558594,146.4439697265625,311.0,287.0,340.0,214.0,0.08452950417995453,-0.04454685002565384,0.227436825633049,0
27.385749522709446,88.32735391896628,1266.98486328125,60.552711486816406,186.0171356201172,303.0,277.0,380.0,268.0,0.15677320957183838,-0.11273792386054993,0.17283950746059418,1
27.180223402378758,88.26911054533521,1127.9158935546875,59.23453140258789,158.73577880859375,289.0,261.0,364.0,260.0,0.1648000031709671,-0.11485451459884644,0.1666666716337204,1
27.5520723586,88.2731993443,4224.9658203125,24.21537208557129,51.00775146484375,342.0,331.0,395.0,241.0,0.08815427124500275,-0.07191316038370132,0.24213837087154388,0
27.29433113659247,88.75031379824017,2111.246826171875,36.633548736572266,96.73553466796875,423.0,389.0,456.0,289.0,0.07928994297981262,-0.037542663514614105,0.2241610735654831,1
27.4573500606,88.1540325823,3080.809814453125,40.92005920410156,230.22943115234375,297.0,283.0,335.0,220.0,0.08414239436388016,-0.06012658402323723,0.20720720291137695,0
27.7940169966,88.9156998583,4879.82958984375,13.314885139465332,355.57586669921875,573.0,560.0,698.0,378.0,0.10969793051481247,-0.09834776073694229,0.29739776253700256,0
27.2784610286,88.2581993323,1168.90234375,14.25479507446289,219.18539428710938,239.0,218.0,306.0,203.0,0.1679389327764511,-0.12293577939271927,0.20235756039619446,0
27.9484615646,88.9234776423,5449.79150390625,26.222869873046875,141.85125732421875,101.0,82.0,106.0,72.0,0.12765957415103912,-0.02415458858013153,0.1910112351179123,0
27.9209615426,88.0829214143,6024.32080078125,25.964136123657227,81.93505859375,0.0,0.0,0.0,0.0,,,,0
27.216794312599998,88.98958880629999,2945.868896484375,15.505192756652832,17.3328857421875,145.0,114.0,217.0,127.0,0.3111782371997833,-0.19889502227306366,0.2616279125213623,0
27.120127568599997,88.3543105203,677.9273071289062,12.259439468383789,76.97613525390625,198.0,174.0,276.0,186.0,0.2266666740179062,-0.16455696523189545,0.19480518996715546,0
27.0990164406,88.1804214923,1532.160888671875,11.914626121520996,298.9598388671875,406.0,391.0,450.0,289.0,0.0701545774936676,-0.05140186846256256,0.21786198019981384,0
27.8351281406,88.9393109883,4832.47119140625,2.621307134628296,171.10845947265625,135.0,120.0,202.0,195.0,0.25465837121009827,-0.1988130509853363,0.017632242292165756,0
27.14544451786422,88.20077245386622,784.2054443359375,47.53041458129883,157.82940673828125,149.0,115.0,273.0,151.0,0.40721648931503296,-0.29383885860443115,0.28773584961891174,1
27.1965165186,88.6912552343,936.9602661132812,34.407466888427734,48.2557373046875,258.0,230.0,313.0,229.0,0.15285451710224152,-0.09632223844528198,0.1549815535545349,0
27.38977663260612,88.66673597154961,2244.397216796875,19.956247329711914,261.5179748535156,320.0,299.0,365.0,194.0,0.09939759224653244,-0.0656934306025505,0.3059034049510956,1
27.1160018285182,88.2243977587026,492.6537170410156,28.47589874267578,84.269287109375,152.0,126.0,192.0,131.0,0.2075471729040146,-0.11627907305955887,0.18885448575019836,1
27.15535842667594,88.2077185153353,831.48681640625,39.53955841064453,166.8209228515625,224.0,204.0,303.0,206.0,0.19526627659797668,-0.14990513026714325,0.19056974351406097,1
27.4498500546,88.3756994263,2214.932861328125,45.3333854675293,177.6351318359375,341.0,311.0,357.0,228.0,0.06886227428913116,-0.022922636941075325,0.22051282227039337,0
27.674850234599997,88.3098660403,3680.59033203125,23.186981201171875,168.71484375,366.0,350.0,417.0,239.0,0.08735332638025284,-0.06513410061597824,0.271341472864151,0
27.248221666434624,88.83855741721607,1950.442138671875,48.76033401489258,133.83938598632812,485.0,455.0,529.0,327.0,0.07520325481891632,-0.04339250549674034,0.2359813153743744,1
27.274362751500497,88.2840279474611,688.4547729492188,43.19078826904297,154.58074951171875,375.0,356.0,444.0,310.0,0.10999999940395355,-0.0842490866780281,0.17771883308887482,1
27.8804059546,88.1420881283,7110.5634765625,36.10759735107422,350.8678894042969,0.0,0.0,0.0,0.0,,,,0
27.29705638832879,88.29507366812416,639.3887329101562,47.992610931396484,84.53643798828125,267.0,231.0,323.0,244.0,0.16606497764587402,-0.09491525590419769,0.13932980597019196,1
27.46893392670261,88.07412078745034,4275.60546875,37.74538040161133,220.18556213378906,166.0,163.0,207.0,159.0,0.11891891807317734,-0.10991957038640976,0.13114753365516663,1
27.102627554599998,88.16597703629999,962.7962646484375,31.869909286499023,273.9168701171875,149.0,120.0,219.0,131.0,0.29203540086746216,-0.19021739065647125,0.2514285743236542,0
27.6576279986,88.5004217483,4194.10009765625,35.44673156738281,226.37588500976562,239.0,211.0,272.0,188.0,0.12629400193691254,-0.06457925587892532,0.1826086938381195,0
27.6940169166,88.6081996123,3091.441650390625,27.343599319458008,261.7774353027344,443.0,426.0,494.0,307.0,0.07391304522752762,-0.05442902818322182,0.23345817625522614,0
27.8551281566,88.3701438663,5200.33984375,25.878419876098633,337.1814270019531,118.0,101.0,129.0,95.0,0.12173912674188614,-0.044534411281347275,0.1517857164144516,0
27.283261616188824,88.71082407164617,1576.178955078125,35.66318893432617,126.06982421875,439.0,415.0,496.0,358.0,0.08891328424215317,-0.06096256524324417,0.161592498421669,1
27.9879060406,88.41319945629999,5761.19287109375,30.34976577758789,75.25588989257812,277.0,286.0,336.0,279.0,0.08038584887981415,-0.09624796360731125,0.09268292784690857,0
27.198015748659202,88.55378602608047,504.6172790527344,28.757850646972656,131.831787109375,430.0,405.0,477.0,313.0,0.08163265138864517,-0.05181918293237686,0.20759493112564087,1
27.6123501846,88.2059770683,4520.37548828125,31.790735244750977,91.88555908203125,202.0,179.0,309.0,205.0,0.2663934528827667,-0.20939335227012634,0.20233462750911713,0
27.12825510105603,88.32110035507472,389.19970703125,32.933921813964844,134.62109375,224.0,195.0,300.0,208.0,0.21212121844291687,-0.1450381726026535,0.18110236525535583,1
27.4209611426,88.9318109823,2920.63916015625,48.710426330566406,50.796875,95.0,66.0,224.0,120.0,0.5448275804519653,-0.4043887257575989,0.302325576543808,0
27.201848286023406,88.55521460659034,599.1778564453125,36.519535064697266,123.7672119140625,461.0,431.0,528.0,322.0,0.10114702582359314,-0.06774519383907318,0.2423529475927353,1
27.287930472973514,88.26105594805315,1369.1807861328125,26.7680721282959,125.72552490234375,283.0,257.0,352.0,245.0,0.15599343180656433,-0.10866142064332962,0.1792294830083847,1
27.29745973772358,88.77261352454065,2801.250244140625,49.77540969848633,183.2208709716797,517.0,492.0,574.0,348.0,0.07692307978868484,-0.052245646715164185,0.24511930346488953,1
27.4408586309414,88.26756784853683,2492.91943359375,38.84279251098633,120.6719970703125,329.0,297.0,378.0,227.0,0.11999999731779099,-0.06930693238973618,0.2495867758989334,1
27.8792948426,88.6359774123,5298.82861328125,8.652621269226074,219.43646240234375,148.0,139.0,175.0,126.0,0.1146496832370758,-0.08359133452177048,0.1627907007932663,0
27.163434052659568,88.51793300482842,572.7029418945312,36.15271759033203,124.87942504882812,376.0,356.0,430.0,303.0,0.09414758533239365,-0.06699752062559128,0.17326056957244873,1
27.6309613106,88.1376436803,5329.974609375,22.074527740478516,108.25518798828125,456.0,436.0,479.0,242.0,0.046994537115097046,-0.024598930031061172,0.32871013879776,0
27.118866675196834,88.21468020585792,568.1425170898438,53.011165618896484,92.58648681640625,183.0,154.0,303.0,191.0,0.3260393738746643,-0.2469135820865631,0.2267206460237503,1
27.2517943406,88.0481991643,3046.1591796875,28.521757125854492,116.27459716796875,455.0,431.0,496.0,238.0,0.07011866569519043,-0.043112512677907944,0.35149863362312317,0
27.6351279806,88.0793103003,5063.4599609375,29.132848739624023,191.37998962402344,0.0,0.0,0.0,0.0,,,,0
27.234791129800946,88.69143632129467,1492.1949462890625,61.97159957885742,202.09988403320312,285.0,261.0,335.0,228.0,0.12416107207536697,-0.08064515888690948,0.1900532841682434,1
27.24660787910533,88.37897357817735,2152.958740234375,45.88886260986328,137.8824462890625,379.0,355.0,434.0,308.0,0.10012674331665039,-0.0676506757736206,0.16981132328510284,1
27.11095510451255,88.40122418897639,917.2539672851562,35.189537048339844,247.30145263671875,360.0,340.0,412.0,312.0,0.09574468433856964,-0.06735751032829285,0.13812154531478882,1
27.303556903532048,88.73908697509052,2458.48193359375,41.910030364990234,189.87950134277344,483.0,449.0,530.0,354.0,0.08273749053478241,-0.04639684036374092,0.19909502565860748,1
27.094294214599998,88.1373659023,1778.6712646484375,25.728357315063477,337.7497253417969,409.0,397.0,459.0,279.0,0.07242990285158157,-0.057603687047958374,0.24390244483947754,0
27.6009612866,88.7376441603,3907.416259765625,45.77153396606445,249.383544921875,355.0,333.0,387.0,272.0,0.07500000298023224,-0.04312668368220329,0.17450682818889618,0
27.234505901534654,88.64262547968951,1393.98046875,36.45287322998047,145.22021484375,318.0,295.0,370.0,251.0,0.11278195679187775,-0.075581394135952,0.1916264146566391,1
27.35577387504958,88.6671905708148,1693.483642578125,32.637123107910156,139.92132568359375,193.0,172.0,243.0,152.0,0.17108434438705444,-0.11467889696359634,0.23037974536418915,1
27.33150250545608,88.62320958113835,1428.424072265625,21.037233352661133,157.46356201171875,292.0,264.0,349.0,263.0,0.13866232335567474,-0.08892355859279633,0.14052288234233856,1
27.127918159445525,88.33363369351834,768.97509765625,26.594026565551758,193.75735473632812,171.0,133.0,223.0,149.0,0.25280898809432983,-0.13197968900203705,0.1989247351884842,1
27.8706837246,88.9465332163,4880.474609375,2.727313756942749,124.035400390625,446.0,438.0,541.0,379.0,0.10520939528942108,-0.09625126421451569,0.17608696222305298,0
27.20000614934607,88.4458340989794,1028.7857666015625,52.73800277709961,82.035888671875,505.0,484.0,548.0,299.0,0.06201550364494324,-0.04083570837974548,0.293978750705719,1
27.251370878459632,88.6448678334266,1665.65283203125,47.32168960571289,171.78350830078125,346.0,324.0,406.0,287.0,0.11232876777648926,-0.0797872319817543,0.17171716690063477,1
27.0367941686,88.5256995463,829.4227294921875,27.594043731689453,15.610809326171875,523.0,496.0,561.0,357.0,0.061494797468185425,-0.03505535051226616,0.2222222238779068,0
27.129852948137064,88.32880764064171,750.9486694335938,44.91046905517578,223.78623962402344,239.0,208.0,297.0,212.0,0.17623762786388397,-0.10820895433425903,0.166994109749794,1
27.7520725186,88.8745887143,4693.54443359375,30.204139709472656,153.16522216796875,547.0,532.0,654.0,378.0,0.1028667762875557,-0.0890924260020256,0.26744186878204346,0
27.3151277246,88.4837550683,1175.2115478515625,21.7298641204834,326.83203125,401.0,374.0,434.0,296.0,0.07425742596387863,-0.039520956575870514,0.18904109299182892,0
27.8659614986,88.7481997243,5089.099609375,39.67424774169922,207.94049072265625,137.0,126.0,164.0,139.0,0.1310344785451889,-0.08970099687576294,0.08250825107097626,0
27.111757701965537,88.39799407327203,761.70166015625,39.655906677246094,222.79779052734375,297.0,278.0,346.0,253.0,0.10897435992956161,-0.0762052908539772,0.15525875985622406,1
27.2162387566,88.2068104023,1775.9232177734375,10.294672012329102,119.93902587890625,392.0,368.0,444.0,267.0,0.09359605610370636,-0.06220095604658127,0.24894514679908752,0
27.499294538599997,88.0745880743,4694.92626953125,6.110566139221191,129.01513671875,310.0,299.0,348.0,242.0,0.07573416084051132,-0.05775076150894165,0.17966102063655853,0
27.8731837266,88.2876438003,5013.90380859375,22.201839447021484,164.50958251953125,126.0,114.0,153.0,121.0,0.14606741070747375,-0.09677419066429138,0.11678832024335861,0
27.7895725486,88.3131993763,5302.7958984375,26.65644645690918,36.02685546875,278.0,263.0,308.0,220.0,0.07880910485982895,-0.05119453743100166,0.1666666716337204,0
27.39734608399753,88.65280777915827,2121.916259765625,64.29019927978516,190.9766845703125,367.0,345.0,416.0,279.0,0.0932982936501503,-0.06257981806993484,0.19712230563163757,1
27.9954060466,88.5240328783,5819.88916015625,24.81061553955078,317.5791320800781,421.0,408.0,447.0,93.0,0.045614033937454224,-0.029953917488455772,0.6555555462837219,0
27.18452751672828,88.26156026428794,1470.1326904296875,65.99668884277344,179.79345703125,448.0,429.0,509.0,332.0,0.08528784662485123,-0.06374085694551468,0.2104637324810028,1
27.284327039848634,88.7436760144503,1742.7222900390625,42.54563522338867,189.58689880371094,434.0,405.0,494.0,300.0,0.09899888932704926,-0.06465516984462738,0.24433249235153198,1
27.7867947686,88.26458822629999,5919.9150390625,38.43605422973633,127.8463134765625,338.0,322.0,363.0,203.0,0.059854015707969666,-0.035663336515426636,0.2826855182647705,0
27.086263915489873,88.2220291446933,573.0753173828125,34.1776123046875,138.64007568359375,177.0,151.0,242.0,161.0,0.23155216872692108,-0.1551312655210495,0.20099255442619324,1
27.302714554356662,88.33338384163784,1156.7843017578125,42.49143600463867,229.95404052734375,385.0,366.0,443.0,313.0,0.0951792299747467,-0.07004830986261368,0.17195767164230347,1
27.6392946506,88.1145881063,6850.48291015625,39.428802490234375,282.4611511230469,341.0,331.0,346.0,102.0,0.022156573832035065,-0.007278020493686199,0.5446428656578064,0
27.432954946663983,88.17275128275585,2611.231689453125,36.8880500793457,235.30650329589844,259.0,232.0,288.0,176.0,0.10769230872392654,-0.053016453981399536,0.24137930572032928,1
27.27791674250557,88.26464661947648,910.3346557617188,39.40985107421875,149.72698974609375,309.0,288.0,381.0,263.0,0.13901345431804657,-0.104347825050354,0.18322981894016266,1
27.32965370874726,88.2685876155574,809.7076416015625,35.52729415893555,189.19029235839844,440.0,424.0,486.0,311.0,0.06813187152147293,-0.04967602714896202,0.21957339346408844,1
27.123709593364605,88.3692266613347,554.8297119140625,39.68461227416992,211.68267822265625,278.0,256.0,357.0,267.0,0.1647634655237198,-0.12440945208072662,0.14423076808452606,1
27.155604566127636,88.20703962298904,866.1217651367188,37.597373962402344,176.7647705078125,244.0,223.0,323.0,220.0,0.18315018713474274,-0.13932980597019196,0.18968692421913147,1
27.8615170506,88.8237553403,4569.48193359375,16.040205001831055,103.43716430664062,143.0,129.0,177.0,155.0,0.1568627506494522,-0.10625000298023224,0.0662650614976883,0
27.311238832599997,88.6245885143,1279.8480224609375,20.974023818969727,344.59283447265625,329.0,306.0,376.0,283.0,0.10263929516077042,-0.06666667014360428,0.14112290740013123,0
27.226944642360102,88.43213704975892,1201.6513671875,39.17171859741211,118.04086303710938,371.0,349.0,413.0,292.0,0.08398950099945068,-0.0535714291036129,0.17163120210170746,1
27.3595722046,88.4781995083,505.65374755859375,43.30411148071289,278.08160400390625,228.0,196.0,277.0,216.0,0.17124736309051514,-0.09702970087528229,0.12373225390911102,0
27.4637389546,88.9495887743,3744.4306640625,37.686912536621094,132.6732177734375,141.0,117.0,211.0,154.0,0.28658536076545715,-0.19886364042758942,0.15616437792778015,0
27.133871177622233,88.49553127465765,418.00543212890625,40.80159378051758,142.088134765625,137.0,104.0,230.0,137.0,0.3772455155849457,-0.25340598821640015,0.25340598821640015,1
27.131597457623577,88.33262204607793,863.6041259765625,39.884910583496094,263.62823486328125,301.0,276.0,362.0,253.0,0.13479623198509216,-0.09200603514909744,0.17723576724529266,1
27.019571932599998,88.00681024229999,1956.67529296875,32.756649017333984,307.3680725097656,530.0,514.0,570.0,347.0,0.05166051536798477,-0.036363635212183,0.24318429827690125,0
27.9120726466,88.7206997023,4729.01171875,8.830045700073242,176.0968017578125,102.0,86.0,211.0,185.0,0.4208754301071167,-0.3482428193092346,0.06565656512975693,0
27.265344813502015,88.5497508016921,837.19189453125,40.99631881713867,54.5103759765625,343.0,318.0,407.0,300.0,0.12275861948728561,-0.08533333241939545,0.1513437032699585,1
27.107043210092545,88.2415454243388,498.89111328125,37.31581115722656,155.6943359375,219.0,192.0,316.0,221.0,0.24409449100494385,-0.18130841851234436,0.17690874636173248,1
27.349864542450526,88.45733920727437,835.55810546875,54.503623962402344,141.9932861328125,213.0,181.0,334.0,221.0,0.2970873713493347,-0.22120657563209534,0.2036036103963852,1
27.3504055306,88.2834771303,1755.268310546875,20.390275955200195,266.2193603515625,307.0,285.0,357.0,238.0,0.11214952915906906,-0.07530120760202408,0.20000000298023224,0
27.4301278166,88.1668103703,2871.096923828125,40.799129486083984,45.338531494140625,294.0,267.0,332.0,192.0,0.10851418972015381,-0.06070287525653839,0.2671755850315094,0
27.328961006485915,88.6239228979615,1330.1522216796875,33.11500549316406,72.57839965820312,242.0,206.0,314.0,234.0,0.20769231021404266,-0.12949639558792114,0.14598539471626282,1
27.13844236053373,88.47427392159986,579.4031982421875,24.937082290649414,139.21572875976562,163.0,129.0,257.0,176.0,0.3316062092781067,-0.22380952537059784,0.1870669722557068,1
27.287478089557027,88.26415534185239,1202.2362060546875,32.35817337036133,116.06146240234375,275.0,252.0,339.0,238.0,0.14720812439918518,-0.10423452407121658,0.17504332959651947,1
27.237761763368006,88.44431223746571,727.0638427734375,36.900657653808594,158.26361083984375,319.0,296.0,364.0,265.0,0.10303030163049698,-0.06588579714298248,0.157392680644989,1
27.262607957244256,88.33894486767517,1465.845458984375,51.00251388549805,156.945068359375,185.0,149.0,231.0,159.0,0.21578946709632874,-0.11057692021131516,0.1846153885126114,1
27.109289406358783,88.24961566649674,423.46038818359375,34.007286071777344,189.869873046875,164.0,132.0,259.0,162.0,0.32480818033218384,-0.22458629310131073,0.23040379583835602,1
27.7906836606,88.02653248029999,4995.576171875,35.89565658569336,151.921630859375,0.0,0.0,0.0,0.0,,,,0
27.592905724599998,88.5037550843,3381.001708984375,35.37584686279297,241.60986328125,366.0,340.0,417.0,254.0,0.10171730816364288,-0.06513410061597824,0.24292100965976715,0
27.126580003276707,88.33250024646722,658.0350952148438,31.324573516845703,190.91905212402344,160.0,125.0,232.0,152.0,0.299719899892807,-0.18367347121238708,0.2083333283662796,1
27.244315465982403,88.28596874677508,850.9021606445312,40.569156646728516,191.08740234375,320.0,290.0,392.0,288.0,0.1495601236820221,-0.10112359374761581,0.15294118225574493,1
27.243785539227318,88.28809693052222,788.1021728515625,37.23406982421875,158.6654052734375,365.0,337.0,417.0,301.0,0.10610079765319824,-0.06649616360664368,0.16155989468097687,1
27.3087388306,88.6834774503,2109.741943359375,43.011131286621094,211.36619567871094,375.0,348.0,415.0,293.0,0.08781126886606216,-0.050632912665605545,0.17231638729572296,0
27.6954058066,88.12958811829999,6801.48486328125,24.681106567382812,183.8938446044922,581.0,557.0,602.0,103.0,0.03882657364010811,-0.017751479521393776,0.7078014016151428,0
27.4240167006,88.6351440783,1339.5557861328125,33.126380920410156,109.14340209960938,247.0,212.0,284.0,207.0,0.14516128599643707,-0.06967984884977341,0.1568228155374527,0
27.432905596599998,88.8831998323,3934.505859375,29.795024871826172,140.25543212890625,244.0,227.0,329.0,268.0,0.18345323204994202,-0.1483420580625534,0.10217755287885666,0
27.17087323002156,88.25985497562215,685.4619750976562,41.04011535644531,196.57656860351562,242.0,210.0,337.0,226.0,0.23217549920082092,-0.16407600045204163,0.197158083319664,1
27.329128195732736,88.43241691590939,1380.901611328125,54.09040451049805,140.334228515625,491.0,466.0,544.0,349.0,0.07722771912813187,-0.05120772868394852,0.21836505830287933,1
27.2342943266,88.17958815829999,1949.0718994140625,26.93730926513672,301.7981262207031,468.0,446.0,506.0,289.0,0.06302521377801895,-0.03901437297463417,0.272955983877182,0
27.344746944143097,88.27539662944042,1374.1583251953125,29.496416091918945,260.1986389160156,303.0,285.0,360.0,239.0,0.11627907305955887,-0.0859728530049324,0.2020033448934555,1
27.174294278599998,88.6559774283,1062.97802734375,16.229103088378906,169.76251220703125,477.0,453.0,529.0,314.0,0.0773930773139,-0.051689859479665756,0.2550415098667145,0
27.5359612346,88.9681999003,3742.346435546875,31.751020431518555,91.50418090820312,93.0,67.0,271.0,150.0,0.6035503149032593,-0.4890109896659851,0.2874109148979187,0
27.2412387766,88.2773660143,1351.4381103515625,30.402082443237305,54.992706298828125,374.0,356.0,436.0,318.0,0.10101009905338287,-0.07654321193695068,0.15649867057800293,0
27.299473069215843,88.39729995717002,1790.3475341796875,55.746089935302734,202.3453369140625,401.0,378.0,448.0,309.0,0.08474576473236084,-0.05535924434661865,0.18361954391002655,1
27.6909613586,88.35708830029999,4433.34619140625,38.25414276123047,199.10000610351562,176.0,150.0,300.0,188.0,0.3333333432674408,-0.26050421595573425,0.2295081913471222,0
27.8262392446,88.8420886883,5058.33349609375,35.05962371826172,301.0653076171875,261.0,271.0,325.0,243.0,0.0906040295958519,-0.10921501368284225,0.14436618983745575,0
27.3319906822388,88.27192038409177,1018.979736328125,34.41670608520508,184.5572967529297,283.0,282.0,364.0,236.0,0.1269349902868271,-0.12519319355487823,0.2133333384990692,1
27.328714740069625,88.26980182930998,787.447265625,36.36396789550781,208.80311584472656,437.0,423.0,492.0,317.0,0.07540983706712723,-0.05920344591140747,0.21631644666194916,1
27.131365661794515,88.48203334081447,352.2836608886719,41.33415222167969,197.84951782226562,221.0,192.0,296.0,213.0,0.21311475336551666,-0.14506769180297852,0.1630648374557495,1
27.115127564599998,88.6120885043,1137.08447265625,34.215606689453125,303.956298828125,128.0,95.0,184.0,111.0,0.3189964294433594,-0.1794871836900711,0.2474576234817505,0
27.4576278386,88.9831999123,3563.099609375,26.256929397583008,88.639892578125,194.0,165.0,291.0,213.0,0.2763157784938812,-0.20000000298023224,0.1547619104385376,0
27.1092942266,88.5748662523,1443.3599853515625,32.04597854614258,152.10992431640625,545.0,526.0,609.0,397.0,0.07312775403261185,-0.05545927211642265,0.21073558926582336,0
27.8070725626,88.6431996403,4616.73388671875,7.952495574951172,228.36605834960938,97.0,69.0,104.0,69.0,0.2023121416568756,-0.03482586890459061,0.2023121416568756,0
27.26557028704361,88.81988966850017,2673.10986328125,36.30647277832031,116.83950805664062,501.0,476.0,551.0,327.0,0.07302823662757874,-0.04752851650118828,0.2551252841949463,1
27.25793565363997,88.84291287305882,2073.3046875,42.30894088745117,222.3098602294922,529.0,503.0,585.0,338.0,0.07536764442920685,-0.05026929825544357,0.26760563254356384,1
27.26528165982095,88.66717365534049,1967.026123046875,31.07840347290039,160.1397705078125,411.0,390.0,466.0,308.0,0.08878504484891891,-0.06271379441022873,0.20413435995578766,1
27.5206834446,88.92431097629999,3687.1044921875,32.12407302856445,330.8594970703125,80.0,53.0,189.0,108.0,0.5619834661483765,-0.4052044749259949,0.27272728085517883,0
27.3376277426,88.6654218803,1711.132080078125,24.709760665893555,304.0581970214844,407.0,381.0,463.0,284.0,0.09715639799833298,-0.06436781585216522,0.23962517082691193,0
27.169647276749416,88.2686191962262,562.186279296875,11.508382797241211,155.5159912109375,145.0,107.0,252.0,138.0,0.4038997292518616,-0.26952141523361206,0.29230770468711853,1
27.14439636538915,88.33071351160413,1002.9148559570312,36.55149841308594,148.9078369140625,322.0,300.0,372.0,277.0,0.1071428582072258,-0.07204610854387283,0.1463790386915207,1
27.6306835326,88.3576438563,4074.142822265625,28.768779754638672,263.14556884765625,390.0,383.0,436.0,256.0,0.06471306830644608,-0.05569007247686386,0.2601155936717987,0
27.7962392206,88.6895885663,4227.7392578125,36.839759826660156,100.2132568359375,173.0,150.0,261.0,205.0,0.2700729966163635,-0.20276497304439545,0.1201716735959053,0
27.19308507269573,88.4347051648185,1035.318603515625,38.38618087768555,190.4513397216797,459.0,438.0,500.0,327.0,0.06609807908535004,-0.04275286942720413,0.20918984711170197,1
27.1073497806,88.6465329763,2163.657470703125,9.31735610961914,350.2059020996094,489.0,469.0,534.0,341.0,0.06480558216571808,-0.043988268822431564,0.22057142853736877,0
27.656239108599998,88.8534775863,4796.08837890625,15.656916618347168,200.86106872558594,97.0,70.0,112.0,66.0,0.23076923191547394,-0.0717703327536583,0.2584269642829895,0
27.222929982227427,88.34970849156589,1209.6302490234375,56.97260284423828,148.54315185546875,386.0,369.0,432.0,301.0,0.07865168899297714,-0.05623471736907959,0.17871759831905365,1
27.9026281946,88.6618107663,5446.53173828125,42.37937545776367,245.24606323242188,157.0,144.0,179.0,132.0,0.10835913568735123,-0.065476194024086,0.15112540125846863,0
27.11551908517238,88.2137942787823,593.7918701171875,20.408985137939453,351.9847717285156,164.0,140.0,263.0,160.0,0.3052109181880951,-0.23185011744499207,0.2434988170862198,1
27.11567215138852,88.22247578707518,591.04638671875,36.51917266845703,57.66815185546875,148.0,119.0,205.0,129.0,0.26543208956718445,-0.1614730805158615,0.227544903755188,1
27.489261937458995,88.44523079457885,1882.0960693359375,40.515411376953125,116.06939697265625,527.0,501.0,583.0,324.0,0.07564575970172882,-0.05045045167207718,0.2855567932128906,1
27.466238956599998,88.7268108183,3474.45947265625,47.350833892822266,107.9373779296875,451.0,440.0,504.0,299.0,0.06779661029577255,-0.05549738183617592,0.2552926540374756,0
27.143677892667476,88.19665852569469,749.4976806640625,21.165863037109375,261.98876953125,137.0,109.0,226.0,131.0,0.34925374388694763,-0.24517905712127686,0.2661064565181732,1
27.3781833306,88.97125545829999,2922.039794921875,39.21833419799805,21.516387939453125,351.0,344.0,411.0,271.0,0.0887417197227478,-0.07874015718698502,0.20527859032154083,0
27.489101113077595,88.50841581524023,853.2694702148438,56.81193542480469,143.71109008789062,322.0,307.0,381.0,258.0,0.10755813866853714,-0.08392602950334549,0.19248826801776886,1
27.459853416898056,88.64850007556858,1933.585693359375,39.037986755371094,130.76837158203125,438.0,416.0,482.0,295.0,0.07349666208028793,-0.04782608523964882,0.24066923558712006,1
27.31865128006206,88.42759779584992,1071.0235595703125,39.924251556396484,200.17794799804688,444.0,419.0,479.0,269.0,0.06681514531373978,-0.03791982680559158,0.2807486653327942,1
27.7356836166,88.91681097029999,4976.65673828125,27.791168212890625,98.5791015625,407.0,406.0,504.0,361.0,0.10769230872392654,-0.10647639632225037,0.16531792283058167,0
27.23465933930336,88.77926589489894,1814.997314453125,34.07143783569336,126.89901733398438,392.0,360.0,425.0,250.0,0.08280254900455475,-0.040391676127910614,0.25925925374031067,1
27.7537391866,88.4376439203,4570.5205078125,37.810394287109375,262.4708557128906,119.0,90.0,204.0,152.0,0.3877550959587097,-0.2631579041481018,0.14606741070747375,0
27.15611902732371,88.45539972284587,1068.3577880859375,43.70566940307617,219.4261474609375,399.0,373.0,464.0,339.0,0.10872162133455276,-0.07531865686178207,0.15566624701023102,1
27.8081836746,88.1670881483,6502.39990234375,50.66334915161133,148.13998413085938,487.0,445.0,503.0,108.0,0.061181433498859406,-0.016161616891622543,0.6464811563491821,0
27.304322367850368,88.33779673776343,1361.0133056640625,37.370765686035156,193.42074584960938,347.0,321.0,405.0,299.0,0.11570248007774353,-0.07712765783071518,0.1505681872367859,1
27.589850166599998,88.4820884003,2783.085693359375,23.50557518005371,193.83395385742188,338.0,318.0,405.0,253.0,0.12033195048570633,-0.09017496556043625,0.2310030460357666,0
27.7998503346,88.27069934229999,5791.41943359375,3.29740047454834,134.21755981445312,344.0,330.0,345.0,121.0,0.02222222276031971,-0.0014513788046315312,0.4806866943836212,0
27.7592947466,88.0070880203,4520.78369140625,10.34781265258789,271.8509826660156,0.0,0.0,0.0,0.0,,,,0
27.0581830746,88.3604216363,1686.146728515625,19.117916107177734,30.346038818359375,471.0,447.0,475.0,301.0,0.030368763953447342,-0.004228329751640558,0.22422680258750916,0
27.6623502246,88.2562548863,5107.732421875,17.170167922973633,126.1832275390625,235.0,216.0,244.0,170.0,0.06086956337094307,-0.018789144232869148,0.17874395847320557,0
27.7054058146,88.6718107743,4281.82763671875,35.112361907958984,136.29302978515625,237.0,200.0,351.0,254.0,0.27404719591140747,-0.19387754797935486,0.16033057868480682,0
27.28441825381648,88.72180963309302,1376.6103515625,47.37959671020508,124.42059326171875,390.0,362.0,446.0,336.0,0.10396039485931396,-0.06698564440011978,0.1406649649143219,1
27.257368372773612,88.64061111548435,1940.0494384765625,32.082645416259766,170.36749267578125,412.0,394.0,460.0,327.0,0.07728337496519089,-0.055045872926712036,0.1689961850643158,1
27.23529937574881,88.44046431429625,848.426513671875,51.32859802246094,128.9962158203125,331.0,312.0,374.0,262.0,0.0903790071606636,-0.06099290773272514,0.17610062658786774,1
27.0387386146,88.7631997363,946.75244140625,18.92935562133789,236.7882537841797,507.0,481.0,544.0,353.0,0.06146341562271118,-0.03520456701517105,0.21293199062347412,0
27.1195720126,88.7815330843,1639.25341796875,40.10051727294922,114.26547241210938,447.0,434.0,492.0,326.0,0.06263498961925507,-0.04792332276701927,0.20293398201465607,0
27.989850486599998,88.4581994923,4760.25439453125,7.623900413513184,207.66014099121094,90.0,76.0,127.0,89.0,0.25123152136802673,-0.17050690948963165,0.17592592537403107,0
27.6837391306,88.4479217063,3377.4091796875,52.97014617919922,148.36492919921875,290.0,264.0,332.0,231.0,0.11409395933151245,-0.06752411276102066,0.17939609289169312,0
27.611516850599997,88.0876436403,5540.5625,31.661588668823242,278.0025634765625,257.0,304.0,241.0,81.0,-0.11559633165597916,0.03212851285934448,0.4968944191932678,0
27.9809615906,88.7765330803,5523.95263671875,35.09661865234375,157.53009033203125,165.0,155.0,198.0,189.0,0.12181302905082703,-0.09090909361839294,0.023255813866853714,0
27.5654057026,88.4701439463,2062.5390625,48.94253158569336,289.269775390625,386.0,363.0,437.0,240.0,0.0925000011920929,-0.06196840852499008,0.2909896671772003,0
27.371516658599997,88.0737547403,2678.040283203125,17.846609115600586,137.726318359375,197.0,169.0,270.0,155.0,0.23006834089756012,-0.15631692111492157,0.2705882489681244,0
27.334869313780473,88.27382506381957,1294.7733154296875,32.88930130004883,200.82766723632812,261.0,243.0,317.0,211.0,0.13214285671710968,-0.0968858152627945,0.20075757801532745,1
27.6787391266,88.5431995603,4049.783935546875,31.814390182495117,77.0325927734375,392.0,373.0,464.0,272.0,0.10872162133455276,-0.08411215245723724,0.260869562625885,0
27.7240169406,88.3709772003,5094.98974609375,37.91758346557617,128.25408935546875,229.0,223.0,279.0,255.0,0.11155378818511963,-0.09842519462108612,0.04494382068514824,0
27.414702131379514,88.19216169389796,2050.440673828125,35.31672286987305,230.9340057373047,288.0,272.0,323.0,195.0,0.08571428805589676,-0.05728314071893692,0.2471042424440384,1
27.240978211852344,88.13837195200227,1683.578857421875,43.50205993652344,57.4486083984375,415.0,397.0,462.0,260.0,0.07566938549280167,-0.05359179154038429,0.279778391122818,1
27.226083038907433,88.37667815612843,1792.2149658203125,38.49052810668945,124.83450317382812,325.0,305.0,382.0,273.0,0.11208151280879974,-0.0806223452091217,0.16641221940517426,1
27.2465165586,88.09931031629999,2254.64697265625,34.131805419921875,337.55364990234375,365.0,349.0,404.0,224.0,0.073041170835495,-0.050715215504169464,0.2866241931915283,0
27.223920645736385,88.66494932621379,890.1046752929688,53.35100555419922,183.3660125732422,427.0,409.0,492.0,327.0,0.09211986511945724,-0.07072905451059341,0.2014652043581009,1
27.6545724406,88.4048661163,4070.8095703125,42.03550720214844,316.13348388671875,238.0,213.0,292.0,201.0,0.15643563866615295,-0.1018867939710617,0.18458418548107147,0
27.392350008599998,88.4306994703,1667.2344970703125,28.490825653076172,74.15725708007812,352.0,324.0,391.0,226.0,0.09370629489421844,-0.052489906549453735,0.26742300391197205,0
27.9351282206,88.68014411429999,4921.53125,5.2198357582092285,144.03289794921875,163.0,149.0,209.0,191.0,0.16759777069091797,-0.12365591526031494,0.04500000178813934,0
27.11404076023757,88.26464934762949,360.6549377441406,47.31429672241211,60.83172607421875,160.0,122.0,310.0,170.0,0.43518519401550293,-0.3191489279270172,0.2916666567325592,1
27.23773944034773,88.61344278516762,984.4395141601562,34.601444244384766,153.33819580078125,346.0,320.0,415.0,305.0,0.12925170361995697,-0.09067016839981079,0.1527777761220932,1
27.3117943886,88.4079216743,1654.7916259765625,31.89630889892578,99.65106201171875,477.0,453.0,529.0,337.0,0.0773930773139,-0.051689859479665756,0.2217090129852295,0
27.2629054606,88.61042183629999,1284.69189453125,22.880878448486328,293.5241394042969,425.0,400.0,483.0,347.0,0.09399773180484772,-0.06387665122747421,0.1638554185628891,0
27.281932403021678,88.73369540689785,1502.1778564453125,9.863158226013184,276.990234375,424.0,397.0,476.0,323.0,0.09049255400896072,-0.057777777314186096,0.19148936867713928,1
27.3094005904025,88.72271429638019,1948.076171875,51.334877014160156,142.68524169921875,429.0,402.0,477.0,350.0,0.0853242352604866,-0.05298013240098953,0.1535671055316925,1
27.0126274826,88.0190324743,2172.32275390625,26.33415412902832,232.38644409179688,451.0,423.0,496.0,294.0,0.07943416386842728,-0.04751848056912422,0.25569620728492737,0
27.305284241422044,88.53515612949514,1789.06494140625,37.933101654052734,141.78118896484375,487.0,471.0,532.0,326.0,0.060817547142505646,-0.04416094347834587,0.24009324610233307,1
27.353151239543607,88.66003425695408,1542.679931640625,43.877220153808594,146.83685302734375,286.0,269.0,336.0,229.0,0.11074379831552505,-0.08038584887981415,0.18938052654266357,1
27.268766062341225,88.15334358596039,1320.39306640625,37.90188980102539,205.55311584472656,367.0,348.0,423.0,268.0,0.09727626293897629,-0.07088607549667358,0.22431258857250214,1
27.0356830566,88.29792158629999,1284.537109375,25.97277069091797,321.5760498046875,403.0,389.0,462.0,322.0,0.08578143268823624,-0.06820809096097946,0.1785714328289032,0
27.44595477305635,88.48883481410499,1595.07421875,58.219913482666016,153.92791748046875,406.0,382.0,446.0,255.0,0.07729468494653702,-0.04694835841655731,0.2724679112434387,1
27.281937837632043,88.73472502356054,1526.20751953125,26.910993576049805,277.6407470703125,428.0,396.0,483.0,323.0,0.09897611290216446,-0.0603732168674469,0.19851116836071014,1
27.1626276026,88.5234773223,379.3071594238281,30.001245498657227,156.5255126953125,299.0,270.0,359.0,251.0,0.14149443805217743,-0.09118541330099106,0.1770491749048233,0
27.130794456708035,88.29879219413004,398.41741943359375,33.13623809814453,128.59332275390625,156.0,119.0,302.0,169.0,0.4346793293952942,-0.31877729296684265,0.2823779284954071,1
27.19711768086286,88.81710516880344,1654.5220947265625,40.03901290893555,187.16619873046875,427.0,398.0,456.0,282.0,0.06791569292545319,-0.03284258395433426,0.23577235639095306,1
27.419672374536162,88.68677109136027,3067.10107421875,35.54570770263672,345.7423095703125,390.0,374.0,429.0,221.0,0.06849315017461777,-0.0476190485060215,0.3199999928474426,1
27.2662387966,88.3534771863,2216.8818359375,26.61522102355957,100.55093383789062,296.0,266.0,344.0,236.0,0.12786884605884552,-0.07500000298023224,0.1862068921327591,0
27.2120720866,88.7223663703,1202.3082275390625,59.65257263183594,195.28700256347656,427.0,399.0,484.0,287.0,0.09626273810863495,-0.06256860494613647,0.2555123269557953,0
27.474572296599998,88.6615329883,2578.545654296875,36.65764617919922,186.07044982910156,488.0,465.0,552.0,311.0,0.08554572612047195,-0.0615384615957737,0.2792584002017975,0
27.749850294599998,88.0501436103,4879.826171875,18.734588623046875,301.2661437988281,0.0,0.0,0.0,0.0,,,,0
27.271794356599997,88.3037549243,1087.376708984375,46.43656539916992,148.6448974609375,313.0,279.0,384.0,277.0,0.15837104618549347,-0.10186513513326645,0.16187594830989838,0
27.681239128599998,88.4468105943,3244.064697265625,7.9131622314453125,320.6700134277344,290.0,274.0,345.0,220.0,0.11470112949609756,-0.08661417663097382,0.22123894095420837,0
27.325080539853875,88.33858657002968,1867.244873046875,43.273929595947266,112.06942749023438,402.0,375.0,450.0,323.0,0.09090909361839294,-0.056338027119636536,0.16429495811462402,1
27.9692949146,88.28431046429999,6432.39990234375,35.69720458984375,297.6217041015625,350.0,341.0,359.0,181.0,0.025714285671710968,-0.012693935073912144,0.3296296298503876,0
27.7273502766,88.6054218323,4240.9716796875,9.701985359191895,182.9902801513672,309.0,304.0,359.0,250.0,0.08295626193284988,-0.07485029846429825,0.1789819449186325,0
27.296663001655507,88.22840817244628,1690.450439453125,49.065338134765625,161.31103515625,382.0,363.0,438.0,290.0,0.09363295882940292,-0.06829268485307693,0.2032967060804367,1
27.0831830946,88.6923663463,2262.748046875,41.12220764160156,245.83154296875,428.0,403.0,469.0,328.0,0.07568807154893875,-0.04570791497826576,0.17691342532634735,0
27.35632206406558,88.66892772085245,1724.578369140625,23.604230880737305,292.7198791503906,218.0,198.0,269.0,175.0,0.15203426778316498,-0.10472279042005539,0.21171170473098755,1
27.159034838908532,88.45258504965363,1159.32177734375,43.018760681152344,223.38633728027344,414.0,388.0,463.0,334.0,0.0881316065788269,-0.05587229132652283,0.16185696423053741,1
27.316431467150068,88.43046739172377,958.4835205078125,67.79109191894531,180.2766876220703,439.0,414.0,480.0,322.0,0.07382550090551376,-0.044613711535930634,0.19700747728347778,1
